F:\Valentino\Progetti_da_buildare_2\commons-compress2a2f1dc48e22a34ddb72321a4db211da91aa933b\pom.xml2a2f1dc48e22a34ddb72321a4db211da91aa933b;1.7
F:\Valentino\Progetti_da_buildare_2\promoted-builds-plugin9b99b9427cc4f692644f929e70f3e7b2180b11c5\pom.xml9b99b9427cc4f692644f929e70f3e7b2180b11c5;1.7
F:\Valentino\Progetti_da_buildare_2\tomcatf603f2f4595073f9490e01699d2083112a7c09a7\pom.xmlf603f2f4595073f9490e01699d2083112a7c09a7;non esiste il pom
F:\Valentino\Progetti_da_buildare_2\uaa6bf1c0ae1abc9aaba957708e0b2dfb6a70aab826\pom.xml6bf1c0ae1abc9aaba957708e0b2dfb6a70aab826;non esiste il pom
F:\Valentino\Progetti_da_buildare_2\spring-frameworke0de9126ed8cf25cf141d3e66420da94e350708\pom.xmle0de9126ed8cf25cf141d3e66420da94e350708;non esiste il pom
F:\Valentino\Progetti_da_buildare_2\sonarqube7b567ba3d15ed7dd0b0bba0330686487e35af85c\pom.xml7b567ba3d15ed7dd0b0bba0330686487e35af85c;non esiste il pom
F:\Valentino\Progetti_da_buildare_2\OpenRefine6a0d7d56e4ffb420316ce7849fde881344fbf881\pom.xml6a0d7d56e4ffb420316ce7849fde881344fbf881;non trovata
F:\Valentino\Progetti_da_buildare_2\tomcat407841c426dc52a4c6b8ccd297df6c484a540056\pom.xml407841c426dc52a4c6b8ccd297df6c484a540056;non esiste il pom
F:\Valentino\Progetti_da_buildare_2\wicket-jquery-uicc75fdc3e610985a5f391789d33fb70c8c9114d\pom.xmlcc75fdc3e610985a5f391789d33fb70c8c9114d;1.7
F:\Valentino\Progetti_da_buildare_2\spring-frameworkd63cfc8eebc396be009e733a81ebb4c984811f6e\pom.xmld63cfc8eebc396be009e733a81ebb4c984811f6e;non esiste il pom
F:\Valentino\Progetti_da_buildare_2\struts54e5c912ebd9a1599bfcf7a719da17c28127bbe\pom.xml54e5c912ebd9a1599bfcf7a719da17c28127bbe;non trovata
F:\Valentino\Progetti_da_buildare_2\httpcomponents-client09027e7286974bf6b61f4106395da2623121db8d\pom.xml09027e7286974bf6b61f4106395da2623121db8d;1.6
F:\Valentino\Progetti_da_buildare_2\spring-framework98ad23bef8e2e04143f8f5b201380543a8d8c0c\pom.xml98ad23bef8e2e04143f8f5b201380543a8d8c0c;non esiste il pom
F:\Valentino\Progetti_da_buildare_2\uaa14350228989e2aee900b8d48a848293bb5152b6f\pom.xml14350228989e2aee900b8d48a848293bb5152b6f;non esiste il pom
F:\Valentino\Progetti_da_buildare_2\netty2fa9400a59d0563a66908aba55c41e7285a04994\pom.xml2fa9400a59d0563a66908aba55c41e7285a04994;non trovata
F:\Valentino\Progetti_da_buildare_2\mercurial-plugin54b4f82e80c89d51b12bc64258f6b59e98b0c16a\pom.xml54b4f82e80c89d51b12bc64258f6b59e98b0c16a;non trovata
F:\Valentino\Progetti_da_buildare_2\uaaa61bfabbad22f646ecf1f00016b448b26a60daf\pom.xmla61bfabbad22f646ecf1f00016b448b26a60daf;non esiste il pom
F:\Valentino\Progetti_da_buildare_2\struts15857a69e7baf3675804495a5954cd0756ac8364\pom.xml15857a69e7baf3675804495a5954cd0756ac8364;non trovata
F:\Valentino\Progetti_da_buildare_2\spring-amqp4150f107e60cac4a7735fcf7cb4c1889a0cbab6c\pom.xml4150f107e60cac4a7735fcf7cb4c1889a0cbab6c;non esiste il pom
F:\Valentino\Progetti_da_buildare_2\spring-integration59c69ed40d3755ef59f80872e0ea711adbb13620\pom.xml59c69ed40d3755ef59f80872e0ea711adbb13620;non esiste il pom
F:\Valentino\Progetti_da_buildare_2\httpcomponents-client6e14fc146a66e0f3eb362f45f95d1a58ee18886a\pom.xml6e14fc146a66e0f3eb362f45f95d1a58ee18886a;1.5
F:\Valentino\Progetti_da_buildare_2\plexus-archiver58bc24e465c0842981692adbf6d75680298989de\pom.xml58bc24e465c0842981692adbf6d75680298989de;non trovata
F:\Valentino\Progetti_da_buildare_2\tomcat8fa210147ffd98e8971cba56395726cc4a893ad7\pom.xml8fa210147ffd98e8971cba56395726cc4a893ad7;non esiste il pom
F:\Valentino\Progetti_da_buildare_2\netty524156f164a910b8b0978d27a2c700a19cd8048\pom.xml524156f164a910b8b0978d27a2c700a19cd8048;non trovata
F:\Valentino\Progetti_da_buildare_2\uaa24bc5ade80560cedb9300940d2b398163ab0dc6\pom.xml24bc5ade80560cedb9300940d2b398163ab0dc6;non esiste il pom
F:\Valentino\Progetti_da_buildare_2\tomcat76ebc9007567c8326217dd94844540e1e27d8468\pom.xml76ebc9007567c8326217dd94844540e1e27d8468;non esiste il pom
F:\Valentino\Progetti_da_buildare_2\tomcat5aae1323c31d643afa9f2db80713b8e97b5123af\pom.xml5aae1323c31d643afa9f2db80713b8e97b5123af;non esiste il pom
F:\Valentino\Progetti_da_buildare_2\netty8599ab5bdb761bb99d41a975d689f74c12e4892b\pom.xml8599ab5bdb761bb99d41a975d689f74c12e4892b;non trovata
F:\Valentino\Progetti_da_buildare_2\tomcat40e5880dfc51517334acda5f12beacdec52ca283\pom.xml40e5880dfc51517334acda5f12beacdec52ca283;non esiste il pom
F:\Valentino\Progetti_da_buildare_2\struts6bd694b7980494c12d49ca1bf39f12aec3e03e2f\pom.xml6bd694b7980494c12d49ca1bf39f12aec3e03e2f;non trovata
F:\Valentino\Progetti_da_buildare_2\tomcat58223c5ecc0751c3642c810f291b8f033d33b97f\pom.xml58223c5ecc0751c3642c810f291b8f033d33b97f;non esiste il pom
F:\Valentino\Progetti_da_buildare_2\struts630e1ba065a8215c4e9ac03bfb09be9d655c2b6e\pom.xml630e1ba065a8215c4e9ac03bfb09be9d655c2b6e;non trovata
F:\Valentino\Progetti_da_buildare_2\struts76eb8f38a33ad0f1f48464ee1311559c8d52dd6d\pom.xml76eb8f38a33ad0f1f48464ee1311559c8d52dd6d;non trovata
F:\Valentino\Progetti_da_buildare_2\spring-amqp36e55998f6352ba3498be950ccab1d5f4d0ce655\pom.xml36e55998f6352ba3498be950ccab1d5f4d0ce655;non esiste il pom
F:\Valentino\Progetti_da_buildare_2\tomcata697f7b52c4e3aea0c6763b33d413b54a518e883\pom.xmla697f7b52c4e3aea0c6763b33d413b54a518e883;non esiste il pom
F:\Valentino\Progetti_da_buildare_2\spring-frameworkedba32b3093703d5e9ed42b5b8ec23ecc1998398\pom.xmledba32b3093703d5e9ed42b5b8ec23ecc1998398;non esiste il pom
F:\Valentino\Progetti_da_buildare_2\tomcata9dd96046d7acb0357c6b7b9e6cc70d186fae663\pom.xmla9dd96046d7acb0357c6b7b9e6cc70d186fae663;non esiste il pom
F:\Valentino\Progetti_da_buildare_2\groovy-sandbox0cd7ec12b7c56cfa3167d99c5f43147ce05449d3\pom.xml0cd7ec12b7c56cfa3167d99c5f43147ce05449d3;1.7
F:\Valentino\Progetti_da_buildare_2\spring-framework75e08695a04980dbceae6789364717e9d8764d58\pom.xml75e08695a04980dbceae6789364717e9d8764d58;non esiste il pom
F:\Valentino\Progetti_da_buildare_2\kafka9f3468645b968761ca9141d18337cb6adadbae9\pom.xml9f3468645b968761ca9141d18337cb6adadbae9;non esiste il pom
F:\Valentino\Progetti_da_buildare_2\struts1-forever212bb0f7c57617b7b9c44cb1e056bd1e597c8e16\pom.xml212bb0f7c57617b7b9c44cb1e056bd1e597c8e16;1.4
F:\Valentino\Progetti_da_buildare_2\jackson-databind7487cf7eb14be2f65a1eb108e8629c07ef45e0a\pom.xml7487cf7eb14be2f65a1eb108e8629c07ef45e0a;non trovata
F:\Valentino\Progetti_da_buildare_2\uaaa1d523c7f150e56bf06df8b83ed1d416d6c1d3b\pom.xmla1d523c7f150e56bf06df8b83ed1d416d6c1d3b;non esiste il pom
F:\Valentino\Progetti_da_buildare_2\httpcomponents-client51cc67567765d67f878f0dcef61b5ded454d3122\pom.xml51cc67567765d67f878f0dcef61b5ded454d3122;1.5
F:\Valentino\Progetti_da_buildare_2\struts2306f5f7fad7f0157f216f34331238feb0539fa\pom.xml2306f5f7fad7f0157f216f34331238feb0539fa;non trovata
F:\Valentino\Progetti_da_buildare_2\depgraph-view-plugind442ff671965c279770b28e37dc63a6ab73c0f0e\pom.xmld442ff671965c279770b28e37dc63a6ab73c0f0e;non trovata
F:\Valentino\Progetti_da_buildare_2\uaa3633a832885ebf33b2e22cc1c0c8ce605e2c657\pom.xml3633a832885ebf33b2e22cc1c0c8ce605e2c657;non esiste il pom
F:\Valentino\Progetti_da_buildare_2\commons-collections3eee44cf63b1ebb0da6925e98b3dcc6ef1e4d610\pom.xml3eee44cf63b1ebb0da6925e98b3dcc6ef1e4d610;1.6
F:\Valentino\Progetti_da_buildare_2\tomcat1d372c881eafd9ffe729996f8560fd5fe50cd39d\pom.xml1d372c881eafd9ffe729996f8560fd5fe50cd39d;non esiste il pom
F:\Valentino\Progetti_da_buildare_2\jackson-databind038b471e2efde2e8f96b4e0be958d3e5a1ff1d0\pom.xml038b471e2efde2e8f96b4e0be958d3e5a1ff1d0;non trovata
F:\Valentino\Progetti_da_buildare_2\struts9cad25f258bb2629d263f828574d2671366c238d\pom.xml9cad25f258bb2629d263f828574d2671366c238d;non trovata
F:\Valentino\Progetti_da_buildare_2\struts744c1f409d983641af3e8e3b573c2f2d2c2c6d9\pom.xml744c1f409d983641af3e8e3b573c2f2d2c2c6d9;non trovata
F:\Valentino\Progetti_da_buildare_2\commons-compress1ce57d976c4f25fe99edcadf079840c278f3cb84\pom.xml1ce57d976c4f25fe99edcadf079840c278f3cb84;non trovata
F:\Valentino\Progetti_da_buildare_2\tomcat89cd0cf33a99dbbcf5c69050a83b6876e39269d7\pom.xml89cd0cf33a99dbbcf5c69050a83b6876e39269d7;non esiste il pom
F:\Valentino\Progetti_da_buildare_2\subversion-plugin25f6afbb02a5863f363b0a2f664ac717ace743b4\pom.xml25f6afbb02a5863f363b0a2f664ac717ace743b4;non trovata
F:\Valentino\Progetti_da_buildare_2\spring-framework5a711c05ec750f069235597173084c2ee796242\pom.xml5a711c05ec750f069235597173084c2ee796242;non esiste il pom
F:\Valentino\Progetti_da_buildare_2\jackson-databindddfddfba6414adbecaff99684ef66eebd3a92e92\pom.xmlddfddfba6414adbecaff99684ef66eebd3a92e92;non trovata
F:\Valentino\Progetti_da_buildare_2\struts58947c3f85ae641c1a476316a2888e53605948d1\pom.xml58947c3f85ae641c1a476316a2888e53605948d1;non trovata
F:\Valentino\Progetti_da_buildare_2\strutsfc2179cf1ac9fbfb61e3430fa88b641d87253327\pom.xmlfc2179cf1ac9fbfb61e3430fa88b641d87253327;non trovata
F:\Valentino\Progetti_da_buildare_2\uaa5eb43757d5a3a2c9e7aae1ef3d0b9b7e2a38851e\pom.xml5eb43757d5a3a2c9e7aae1ef3d0b9b7e2a38851e;non esiste il pom
F:\Valentino\Progetti_da_buildare_2\httpcomponents-clientd954cd287dfcdad8f153e61181e20d253175ca8c\pom.xmld954cd287dfcdad8f153e61181e20d253175ca8c;1.5
F:\Valentino\Progetti_da_buildare_2\spring-framework246a6db1cad205ca9b6fca00c544ab7443ba202\pom.xml246a6db1cad205ca9b6fca00c544ab7443ba202;non esiste il pom
F:\Valentino\Progetti_da_buildare_2\uaa4f942064d85454a4bcc4da04cd482d114816c14a\pom.xml4f942064d85454a4bcc4da04cd482d114816c14a;non esiste il pom
F:\Valentino\Progetti_da_buildare_2\commons-collectionsd9a00134f16d685bea11b2b12de824845e6473e3\pom.xmld9a00134f16d685bea11b2b12de824845e6473e3;non trovata
F:\Valentino\Progetti_da_buildare_2\struts27ca165ddbf81c84bafbd083b99a18d89cc49ca7\pom.xml27ca165ddbf81c84bafbd083b99a18d89cc49ca7;non trovata
F:\Valentino\Progetti_da_buildare_2\esapi-java-legacyb7cbc53f9cc967cf1a5a9463d8c6fef9ed6ef4f7\pom.xmlb7cbc53f9cc967cf1a5a9463d8c6fef9ed6ef4f7;1.6
F:\Valentino\Progetti_da_buildare_2\tomcat0e83ad3e547fc9a75a258799ef581249b40a82a6\pom.xml0e83ad3e547fc9a75a258799ef581249b40a82a6;non esiste il pom
F:\Valentino\Progetti_da_buildare_2\uaa1e2a746968cdac5b53164ca8955646e4257ecc7\pom.xml1e2a746968cdac5b53164ca8955646e4257ecc7;non esiste il pom
F:\Valentino\Progetti_da_buildare_2\spring-frameworkdc5b5ca8ee09c890352f89b2dae58bc0132d6545\pom.xmldc5b5ca8ee09c890352f89b2dae58bc0132d6545;non esiste il pom
F:\Valentino\Progetti_da_buildare_2\spring-data-rest824e51a1304bbc8334ac0b96ffaef588177e6cc\pom.xml824e51a1304bbc8334ac0b96ffaef588177e6cc;non trovata
F:\Valentino\Progetti_da_buildare_2\tomcat04164c1f01b973e548d95511d417f414ca723cb8\pom.xml04164c1f01b973e548d95511d417f414ca723cb8;non esiste il pom
F:\Valentino\Progetti_da_buildare_2\kafka0b4daa4bf48517b4b3e9cda11692e80ade620b0\pom.xml0b4daa4bf48517b4b3e9cda11692e80ade620b0;non esiste il pom
F:\Valentino\Progetti_da_buildare_2\OpenRefinee243e73e4064de87a913946bd320fbbe246da656\pom.xmle243e73e4064de87a913946bd320fbbe246da656;non trovata
F:\Valentino\Progetti_da_buildare_2\spring-data-commons371f6590c509c72f8e600f3d05e110941607fba\pom.xml371f6590c509c72f8e600f3d05e110941607fba;non trovata
F:\Valentino\Progetti_da_buildare_2\tomcatd2e8f2ede7dea39f75f68384f331f38f094e4ed3\pom.xmld2e8f2ede7dea39f75f68384f331f38f094e4ed3;non esiste il pom
F:\Valentino\Progetti_da_buildare_2\strutsb4265d369dc29d57a9f2846a85b26598e83f3892\pom.xmlb4265d369dc29d57a9f2846a85b26598e83f3892;non trovata
F:\Valentino\Progetti_da_buildare_2\tomcatcf181edc9a8c239cde704cffc3c503425bdcae2b\pom.xmlcf181edc9a8c239cde704cffc3c503425bdcae2b;non esiste il pom
F:\Valentino\Progetti_da_buildare_2\uaa2c10c43f04cf31e9f8f496cd218bfc773dfc149\pom.xml2c10c43f04cf31e9f8f496cd218bfc773dfc149;non esiste il pom
F:\Valentino\Progetti_da_buildare_2\email-ext-pluginaf2cc9bf649781c3c84c6891298db0d8601b193d\pom.xmlaf2cc9bf649781c3c84c6891298db0d8601b193d;non trovata
F:\Valentino\Progetti_da_buildare_2\spring-framework741b4b229ae032bd17175b46f98673ce0bd2d485\pom.xml741b4b229ae032bd17175b46f98673ce0bd2d485;non esiste il pom
F:\Valentino\Progetti_da_buildare_2\tomcatfb65c5fe6d298195beee11324416a975bea6d701\pom.xmlfb65c5fe6d298195beee11324416a975bea6d701;non esiste il pom
F:\Valentino\Progetti_da_buildare_2\tomcatc1357e649641844109711d60cacb98e4b5fcd3cb\pom.xmlc1357e649641844109711d60cacb98e4b5fcd3cb;non esiste il pom
F:\Valentino\Progetti_da_buildare_2\google-play-android-publisher-pluginf81b058289caf3332ae40d599a36a3665b1fa13c\pom.xmlf81b058289caf3332ae40d599a36a3665b1fa13c;non trovata
F:\Valentino\Progetti_da_buildare_2\spring-framework2bd1daa75ee0b8ec33608ca6ab065ef3e1815543\pom.xml2bd1daa75ee0b8ec33608ca6ab065ef3e1815543;non esiste il pom
F:\Valentino\Progetti_da_buildare_2\jackson-databind27b4defc270454dea6842bd9279f17387eceb73\pom.xml27b4defc270454dea6842bd9279f17387eceb73;non trovata
F:\Valentino\Progetti_da_buildare_2\wicket-jquery-ui3e8cfdcb0f8e6e0cf0da01e74501afb5c9bff0f\pom.xml3e8cfdcb0f8e6e0cf0da01e74501afb5c9bff0f;1.6
F:\Valentino\Progetti_da_buildare_2\spring-framework423aa28ed584b4ff6e5bad218c09beef5e91951\pom.xml423aa28ed584b4ff6e5bad218c09beef5e91951;non esiste il pom
F:\Valentino\Progetti_da_buildare_2\spring-data-commons3d8576fe4e4e71c23b9e6796b32fd56e51182ee\pom.xml3d8576fe4e4e71c23b9e6796b32fd56e51182ee;non trovata
F:\Valentino\Progetti_da_buildare_2\tomcat864aa1199ad2cccc9a7e7c6b977f7d7f812c9910\pom.xml864aa1199ad2cccc9a7e7c6b977f7d7f812c9910;non esiste il pom
F:\Valentino\Progetti_da_buildare_2\tomcatfb3569fbb9a2f55459aa8e1e22bc35a737e66329\pom.xmlfb3569fbb9a2f55459aa8e1e22bc35a737e66329;non esiste il pom
F:\Valentino\Progetti_da_buildare_2\struts3fddfb6eb562d597c935084e9e81d43ed6bcd02\pom.xml3fddfb6eb562d597c935084e9e81d43ed6bcd02;non trovata
F:\Valentino\Progetti_da_buildare_2\spring-frameworkf2694a8ed93f1f63f87ce45d0bb638478b426acd\pom.xmlf2694a8ed93f1f63f87ce45d0bb638478b426acd;non esiste il pom
F:\Valentino\Progetti_da_buildare_2\spring-frameworka30ab30e4e9ae021fdda04e9abfc228476b846b5\pom.xmla30ab30e4e9ae021fdda04e9abfc228476b846b5;non esiste il pom
F:\Valentino\Progetti_da_buildare_2\uaacd31cc397fe17389d95b83d6a9caa46eebc54faf\pom.xmlcd31cc397fe17389d95b83d6a9caa46eebc54faf;non esiste il pom
F:\Valentino\Progetti_da_buildare_2\commons-fileupload388e824518697c2c8f9f83fd964621d9c2f8fc4c\pom.xml388e824518697c2c8f9f83fd964621d9c2f8fc4c;1.5
F:\Valentino\Progetti_da_buildare_2\tomcat30af3f5630542a2340781f66553e734a6fd69701\pom.xml30af3f5630542a2340781f66553e734a6fd69701;non esiste il pom
F:\Valentino\Progetti_da_buildare_2\httpcomponents-clienta572756592c969affd0ce87885724e74839176fb\pom.xmla572756592c969affd0ce87885724e74839176fb;1.5
F:\Valentino\Progetti_da_buildare_2\tomcat6b61911f94d6d8d49ee933c5f1882a7e7c336d2c\pom.xml6b61911f94d6d8d49ee933c5f1882a7e7c336d2c;non esiste il pom
F:\Valentino\Progetti_da_buildare_2\uaa8a599448781acd481aa9dab1b0bde3424e00ced\pom.xml8a599448781acd481aa9dab1b0bde3424e00ced;non esiste il pom
F:\Valentino\Progetti_da_buildare_2\struts72471d7075681bea52046645ad7aa34e9c53751e\pom.xml72471d7075681bea52046645ad7aa34e9c53751e;non trovata
F:\Valentino\Progetti_da_buildare_2\itext7930a1c81f8ea4952df540f041befbfa2d6757838\pom.xml930a1c81f8ea4952df540f041befbfa2d6757838;1.7
F:\Valentino\Progetti_da_buildare_2\uaa1368817fe4f4899c06089c940830525bc0327ee\pom.xml1368817fe4f4899c06089c940830525bc0327ee;non esiste il pom
F:\Valentino\Progetti_da_buildare_2\jBCrypt0c28b698e79b132391be8333107040d774c79995\pom.xml0c28b698e79b132391be8333107040d774c79995;non esiste il pom
F:\Valentino\Progetti_da_buildare_2\uaa96a294013c0c9a13ef32afc49d2b759f5107dc4\pom.xml96a294013c0c9a13ef32afc49d2b759f5107dc4;non esiste il pom
F:\Valentino\Progetti_da_buildare_2\struts1-forevereda3a79907ed8fcb0387a0496d0cb14332f250e8\pom.xmleda3a79907ed8fcb0387a0496d0cb14332f250e8;1.4
F:\Valentino\Progetti_da_buildare_2\tomcate28dd578fad90a6d5726ec34f3245c9f99d909a5\pom.xmle28dd578fad90a6d5726ec34f3245c9f99d909a5;non esiste il pom
F:\Valentino\Progetti_da_buildare_2\tomcat816552abf6735fa37dfd37c8a7bfbdbd045477e0\pom.xml816552abf6735fa37dfd37c8a7bfbdbd045477e0;non esiste il pom
F:\Valentino\Progetti_da_buildare_2\tomcatff8789737a0a64c12d68929497f16d8021052048\pom.xmlff8789737a0a64c12d68929497f16d8021052048;non esiste il pom
F:\Valentino\Progetti_da_buildare_2\uaa66166d17781aa257ff77a2fb7c69f72d0b611be\pom.xml66166d17781aa257ff77a2fb7c69f72d0b611be;non esiste il pom
F:\Valentino\Progetti_da_buildare_2\struts086b63735527d4bb0c1dd0d86a7c0374b825ff2\pom.xml086b63735527d4bb0c1dd0d86a7c0374b825ff2;non trovata
F:\Valentino\Progetti_da_buildare_2\uaa01edea6337c8ddb2ab80906aa1254d3c1dc02fb\pom.xml01edea6337c8ddb2ab80906aa1254d3c1dc02fb;non esiste il pom
F:\Valentino\Progetti_da_buildare_2\commons-compress6e95697e783767f3549f00d7d2e1b002eac4a3d4\pom.xml6e95697e783767f3549f00d7d2e1b002eac4a3d4;non trovata
F:\Valentino\Progetti_da_buildare_2\commons-compress8f702469cbf4c451b6dea349290bc4af0f6f76c7\pom.xml8f702469cbf4c451b6dea349290bc4af0f6f76c7;non trovata
F:\Valentino\Progetti_da_buildare_2\junrarad8d0ba8e155630da8a1215cee3f253e0af45817\pom.xmlad8d0ba8e155630da8a1215cee3f253e0af45817;1.6
F:\Valentino\Progetti_da_buildare_2\wicket-jquery-ui4ade74d87389935dee5ba49b8cdd0abb075cc50\pom.xml4ade74d87389935dee5ba49b8cdd0abb075cc50;1.8
F:\Valentino\Progetti_da_buildare_2\Resteasy9b7d0f574cafdcf3bea5428f3145ab4908fc6d83\pom.xml9b7d0f574cafdcf3bea5428f3145ab4908fc6d83;non trovata
F:\Valentino\Progetti_da_buildare_2\tomcat2d7dbfe4c63a4242a9b28fdb662d91ceb7a84630\pom.xml2d7dbfe4c63a4242a9b28fdb662d91ceb7a84630;non esiste il pom
F:\Valentino\Progetti_da_buildare_2\netty9e2c400f89c5badc39919f811179d3d42ac5257c\pom.xml9e2c400f89c5badc39919f811179d3d42ac5257c;non trovata
F:\Valentino\Progetti_da_buildare_2\wicket-jquery-uifa0ce80f8e92c28c801773ed7c28621ae98e872\pom.xmlfa0ce80f8e92c28c801773ed7c28621ae98e872;1.6
F:\Valentino\Progetti_da_buildare_2\commons-compressb06f7b41c936ef1a79589d16ea5c1d8b93f71f66\pom.xmlb06f7b41c936ef1a79589d16ea5c1d8b93f71f66;non trovata
F:\Valentino\Progetti_da_buildare_2\uaa57a15dfb7e0e3a59019ebe951793b586512b196\pom.xml57a15dfb7e0e3a59019ebe951793b586512b196;non esiste il pom
F:\Valentino\Progetti_da_buildare_2\tomcat5971f9392edc6d70808b2599b062b050fcd11d23\pom.xml5971f9392edc6d70808b2599b062b050fcd11d23;non esiste il pom
F:\Valentino\Progetti_da_buildare_2\spring-frameworkc6503ebbf7c9e21ff022c58706dbac5417b2b5eb\pom.xmlc6503ebbf7c9e21ff022c58706dbac5417b2b5eb;non esiste il pom
F:\Valentino\Progetti_da_buildare_2\commons-fileupload774ef160d591b579f703c694002e080f99bcd28b\pom.xml774ef160d591b579f703c694002e080f99bcd28b;1.5
F:\Valentino\Progetti_da_buildare_2\spring-webflowdf0ea\pom.xmldf0ea;non esiste il pom
F:\Valentino\Progetti_da_buildare_2\uaab599af2062aad5580661e035087fdd9bd266b92\pom.xmlb599af2062aad5580661e035087fdd9bd266b92;non esiste il pom
F:\Valentino\Progetti_da_buildare_2\java-cas-clientae37092100c8eaec610dab6d83e5e05a8ee58814\pom.xmlae37092100c8eaec610dab6d83e5e05a8ee58814;1.5
F:\Valentino\Progetti_da_buildare_2\uaa96f702681676d829628a23db171ffa79a32f03af\pom.xml96f702681676d829628a23db171ffa79a32f03af;non esiste il pom
F:\Valentino\Progetti_da_buildare_2\tomcat0ff4905158b77787a7f3aca55c9dec93456665dc\pom.xml0ff4905158b77787a7f3aca55c9dec93456665dc;non esiste il pom
F:\Valentino\Progetti_da_buildare_2\struts030ffa33543f8953306ed0c0dc815c7fb74d7129\pom.xml030ffa33543f8953306ed0c0dc815c7fb74d7129;non trovata
F:\Valentino\Progetti_da_buildare_2\spring-frameworkc8e320019ffe7298fc4cbeeb194b2bfd6389b6d\pom.xmlc8e320019ffe7298fc4cbeeb194b2bfd6389b6d;non esiste il pom
F:\Valentino\Progetti_da_buildare_2\git-client-plugin75ea3fe05650fc6ca09046a72493e2b3f066fb98\pom.xml75ea3fe05650fc6ca09046a72493e2b3f066fb98;1.7
F:\Valentino\Progetti_da_buildare_2\uaa460627ed419e4227b10ff121248b3ffc009011a9\pom.xml460627ed419e4227b10ff121248b3ffc009011a9;non esiste il pom
F:\Valentino\Progetti_da_buildare_2\tomcat639e20992a66d7a42fb59c974db91c8a0f730a1e\pom.xml639e20992a66d7a42fb59c974db91c8a0f730a1e;non esiste il pom
F:\Valentino\Progetti_da_buildare_2\uaabbf6751bc0d87c4a3aaf21b54e26ce328ab998b\pom.xmlbbf6751bc0d87c4a3aaf21b54e26ce328ab998b;non esiste il pom
F:\Valentino\Progetti_da_buildare_2\pgjdbccdeeaca47dc3bc6f727c79a582c9e4123099526e\pom.xmlcdeeaca47dc3bc6f727c79a582c9e4123099526e;non trovata
F:\Valentino\Progetti_da_buildare_2\strutsd934c6e7430b7b98e43a0a085a2304bd31a75c3d\pom.xmld934c6e7430b7b98e43a0a085a2304bd31a75c3d;non trovata
F:\Valentino\Progetti_da_buildare_2\spring-framework874859493bbda59739c38c7e52eb3625f247b93\pom.xml874859493bbda59739c38c7e52eb3625f247b93;non esiste il pom
F:\Valentino\Progetti_da_buildare_2\struts1f301038a751bf16e525607c3db513db835b2999\pom.xml1f301038a751bf16e525607c3db513db835b2999;non trovata
F:\Valentino\Progetti_da_buildare_2\nmap4j06b58aa3345d2f977553685a026b93e61f0c491e\pom.xml06b58aa3345d2f977553685a026b93e61f0c491e;1.8
F:\Valentino\Progetti_da_buildare_2\okhttp3ccb46dd16b6ec98f70b0ee53eafe5ed6380891e\pom.xml3ccb46dd16b6ec98f70b0ee53eafe5ed6380891e;1.7
F:\Valentino\Progetti_da_buildare_2\tikal-multijob-plugin2424cec7a099fe4392f052a754fadc28de9f8d86\pom.xml2424cec7a099fe4392f052a754fadc28de9f8d86;non trovata
F:\Valentino\Progetti_da_buildare_2\spring-frameworkdac97f1b7dac3e70ff603fb6fc9f205b95dd6b01\pom.xmldac97f1b7dac3e70ff603fb6fc9f205b95dd6b01;non esiste il pom
F:\Valentino\Progetti_da_buildare_2\uaa4e4d653edb6b8f68e12b7c415e07e068b1574b8\pom.xml4e4d653edb6b8f68e12b7c415e07e068b1574b8;non esiste il pom
F:\Valentino\Progetti_da_buildare_2\spring-webflow084b4\pom.xml084b4;non esiste il pom
F:\Valentino\Progetti_da_buildare_2\tomcate246e5fc13307da0a5d3bbf860d64d97be1c40f8\pom.xmle246e5fc13307da0a5d3bbf860d64d97be1c40f8;non esiste il pom
F:\Valentino\Progetti_da_buildare_2\spring-framework695bf2961feffd35b5560ccc982a2189dcca611\pom.xml695bf2961feffd35b5560ccc982a2189dcca611;non esiste il pom
F:\Valentino\Progetti_da_buildare_2\tomcat81bb49ad58fc7b1177a86ba82abf0271d07ceeb7\pom.xml81bb49ad58fc7b1177a86ba82abf0271d07ceeb7;non esiste il pom
F:\Valentino\Progetti_da_buildare_2\tomcat763a56b45999653ce648a18462b8a826809215b1\pom.xml763a56b45999653ce648a18462b8a826809215b1;non esiste il pom
F:\Valentino\Progetti_da_buildare_2\spring-framework1db7e02de3eb0c011ee6681f5a12eb9d166fea8\pom.xml1db7e02de3eb0c011ee6681f5a12eb9d166fea8;non esiste il pom
F:\Valentino\Progetti_da_buildare_2\tomcat9233d9d6a018be4415d4d7d6cb4fe01176adf1a8\pom.xml9233d9d6a018be4415d4d7d6cb4fe01176adf1a8;non esiste il pom
F:\Valentino\Progetti_da_buildare_2\spring-framework1c5cab2a4069ec3239c531d741aeb07a434f521b\pom.xml1c5cab2a4069ec3239c531d741aeb07a434f521b;non esiste il pom
F:\Valentino\Progetti_da_buildare_2\struts237432512df0e27013f7c7b9ab59fdce44ca34a5\pom.xml237432512df0e27013f7c7b9ab59fdce44ca34a5;non trovata
F:\Valentino\Progetti_da_buildare_2\httpcomponents-client08140864e3e4c0994e094c4cf0507932baf6a66\pom.xml08140864e3e4c0994e094c4cf0507932baf6a66;non trovata
F:\Valentino\Progetti_da_buildare_2\ldapsdk8471904a02438c03965d21367890276bc25fa5a6\pom.xml8471904a02438c03965d21367890276bc25fa5a6;non esiste il pom
F:\Valentino\Progetti_da_buildare_2\tomcatece65c1a428094b1c6c17de3d7593f64e1bb1286\pom.xmlece65c1a428094b1c6c17de3d7593f64e1bb1286;non esiste il pom
F:\Valentino\Progetti_da_buildare_2\tomcatb94478d45b7e1fc06134a785571f78772fa30fed\pom.xmlb94478d45b7e1fc06134a785571f78772fa30fed;non esiste il pom
F:\Valentino\Progetti_da_buildare_2\commons-collections5ec476b0b756852db865b2e442180f091f8209ee\pom.xml5ec476b0b756852db865b2e442180f091f8209ee;non trovata
F:\Valentino\Progetti_da_buildare_2\JGroups38a882331035ffed205d15a5c92b471fd09659c\pom.xml38a882331035ffed205d15a5c92b471fd09659c;1.8
F:\Valentino\Progetti_da_buildare_2\mailer-plugin98e79cf904769907f83894e29f50ed6b3e7eb135\pom.xml98e79cf904769907f83894e29f50ed6b3e7eb135;non trovata
F:\Valentino\Progetti_da_buildare_2\spring-framework7576274874deeccb6da6b09a8d5bd62e8b5538b7\pom.xml7576274874deeccb6da6b09a8d5bd62e8b5538b7;non esiste il pom
F:\Valentino\Progetti_da_buildare_2\jackson-databind60d459cedcf079c6106ae7da2ac562bc32dcabe1\pom.xml60d459cedcf079c6106ae7da2ac562bc32dcabe1;non trovata
F:\Valentino\Progetti_da_buildare_2\kubernetes-pluginbf7a47847dfb5ef2d1e2a537e2eb9f28063988c6\pom.xmlbf7a47847dfb5ef2d1e2a537e2eb9f28063988c6;non trovata
F:\Valentino\Progetti_da_buildare_2\uaaa54f3fb8225ef7d5021ca7d4fb52bef1e884568e\pom.xmla54f3fb8225ef7d5021ca7d4fb52bef1e884568e;non esiste il pom
F:\Valentino\Progetti_da_buildare_2\tomcat6b2cfacf749be186ea77249a979af1d4863e47ba\pom.xml6b2cfacf749be186ea77249a979af1d4863e47ba;non esiste il pom
F:\Valentino\Progetti_da_buildare_2\wicket-jquery-ui42294cc890536459b13cf16844cd65cccf66578\pom.xml42294cc890536459b13cf16844cd65cccf66578;1.8
F:\Valentino\Progetti_da_buildare_2\JGroupsfba182c14075789e1d2c976d50d9018c671ad0b\pom.xmlfba182c14075789e1d2c976d50d9018c671ad0b;1.7
F:\Valentino\Progetti_da_buildare_2\tomcat05c84ff8304a69a30b251f207a7b93c2c882564d\pom.xml05c84ff8304a69a30b251f207a7b93c2c882564d;non esiste il pom
F:\Valentino\Progetti_da_buildare_2\tomcat7d93527254d9e9371b342800617f20d13c8b85ad\pom.xml7d93527254d9e9371b342800617f20d13c8b85ad;non esiste il pom
F:\Valentino\Progetti_da_buildare_2\tomcatdfa40863421d7681fed893b4256666491887e38c\pom.xmldfa40863421d7681fed893b4256666491887e38c;non esiste il pom
F:\Valentino\Progetti_da_buildare_2\shirob15ab927709ca18ea4a02538be01919a19ab65af\pom.xmlb15ab927709ca18ea4a02538be01919a19ab65af;non trovata
F:\Valentino\Progetti_da_buildare_2\uaabc91ccd2029e8f1cea0c647f0c9aad4585f7a2c\pom.xmlbc91ccd2029e8f1cea0c647f0c9aad4585f7a2c;non esiste il pom
F:\Valentino\Progetti_da_buildare_2\spring-webflowec3d54d2305e6b6bce12f770fec67fe63008d45\pom.xmlec3d54d2305e6b6bce12f770fec67fe63008d45;non esiste il pom
F:\Valentino\Progetti_da_buildare_2\tomcatb8cb9f5f91e9210ca107fd80f3e6acd47531daa7\pom.xmlb8cb9f5f91e9210ca107fd80f3e6acd47531daa7;non esiste il pom
F:\Valentino\Progetti_da_buildare_2\spring-webflow57f2ccb66946943fbf3b3f2165eac1c8eb6b1523\pom.xml57f2ccb66946943fbf3b3f2165eac1c8eb6b1523;non esiste il pom
F:\Valentino\Progetti_da_buildare_2\spring-frameworke2d6e709c3c65a4951eb096843ee75d5200cfcad\pom.xmle2d6e709c3c65a4951eb096843ee75d5200cfcad;non esiste il pom
F:\Valentino\Progetti_da_buildare_2\commons-collectionsda1a5fe00d79e1840b7e52317933e9eb56e88246\pom.xmlda1a5fe00d79e1840b7e52317933e9eb56e88246;1.6
F:\Valentino\Progetti_da_buildare_2\spring-frameworkf59ea610dfcf55cd0b42f6dd76a9b3dab0218aa\pom.xmlf59ea610dfcf55cd0b42f6dd76a9b3dab0218aa;non esiste il pom
F:\Valentino\Progetti_da_buildare_2\spring-framework91b803a2310344d925e5d4b1709bbcea9037554\pom.xml91b803a2310344d925e5d4b1709bbcea9037554;non esiste il pom
F:\Valentino\Progetti_da_buildare_2\retrofitb9a7f6ad72073ddd40254c0058710e87a073047d\pom.xmlb9a7f6ad72073ddd40254c0058710e87a073047d;1.7
F:\Valentino\Progetti_da_buildare_2\tomcat4e97b367a97a356d2f8bb9986875e20d0807d32c\pom.xml4e97b367a97a356d2f8bb9986875e20d0807d32c;non esiste il pom
F:\Valentino\Progetti_da_buildare_2\uaa9730cd6a3bbb481ee4e400b51952b537589c469d\pom.xml9730cd6a3bbb481ee4e400b51952b537589c469d;non esiste il pom
F:\Valentino\Progetti_da_buildare_2\strutsa0fdca138feec2c2e94eb75ca1f8b76678b4d152\pom.xmla0fdca138feec2c2e94eb75ca1f8b76678b4d152;non trovata
F:\Valentino\Progetti_da_buildare_2\wicket-jquery-ui8aebe1e49a71f10cdd6a073fd09d0d8d82352a0\pom.xml8aebe1e49a71f10cdd6a073fd09d0d8d82352a0;1.7
F:\Valentino\Progetti_da_buildare_2\spring-amqp296d481f980fcbecbee01244e3644e254470a86\pom.xml296d481f980fcbecbee01244e3644e254470a86;non esiste il pom
F:\Valentino\Progetti_da_buildare_2\ignite82a7b8209fcf56971d12cb10410a38ed632215b\pom.xml82a7b8209fcf56971d12cb10410a38ed632215b;non trovata
F:\Valentino\Progetti_da_buildare_2\struts3cfe34fefedcf0fdcfcb061c0aea34a715b7de6\pom.xml3cfe34fefedcf0fdcfcb061c0aea34a715b7de6;non trovata
F:\Valentino\Progetti_da_buildare_2\tikal-multijob-plugin3e6ab85019334a5b2a438264afdebe439cfc82b4\pom.xml3e6ab85019334a5b2a438264afdebe439cfc82b4;non trovata
F:\Valentino\Progetti_da_buildare_2\uaa95b7d9e7fae534a362b98de1df5bf501cd52c481\pom.xml95b7d9e7fae534a362b98de1df5bf501cd52c481;non esiste il pom
F:\Valentino\Progetti_da_buildare_2\strutsd7804297e319c7a12245e1b536e565fcea6d650\pom.xmld7804297e319c7a12245e1b536e565fcea6d650;non trovata
F:\Valentino\Progetti_da_buildare_2\spring-frameworka95c3d820dbc4c3ae752f1b3ee22ee860b162402\pom.xmla95c3d820dbc4c3ae752f1b3ee22ee860b162402;non esiste il pom
F:\Valentino\Progetti_da_buildare_2\struts711cf0201cdd319a38cf29238913312355db29ba\pom.xml711cf0201cdd319a38cf29238913312355db29ba;non trovata
F:\Valentino\Progetti_da_buildare_2\commons-compress6ced422bf5eca3aac05396367bafb33ec21bf74e\pom.xml6ced422bf5eca3aac05396367bafb33ec21bf74e;non trovata
F:\Valentino\Progetti_da_buildare_2\tomcat86b2e436099cb48f30dad950175c5beeeb763756\pom.xml86b2e436099cb48f30dad950175c5beeeb763756;non esiste il pom
F:\Valentino\Progetti_da_buildare_2\tomcat2859ac3eae132383cb6f3f2042e25d7a4a281b0d\pom.xml2859ac3eae132383cb6f3f2042e25d7a4a281b0d;non esiste il pom
F:\Valentino\Progetti_da_buildare_2\commons-compressfdd7459bc5470e90024dbe762249166481cce769\pom.xmlfdd7459bc5470e90024dbe762249166481cce769;non trovata
F:\Valentino\Progetti_da_buildare_2\tomcat5c8560f3054982abaa476d87ec031c439d58d66e\pom.xml5c8560f3054982abaa476d87ec031c439d58d66e;non esiste il pom
F:\Valentino\Progetti_da_buildare_2\tomcatc584c7c4ab0686e4125eefcd0afb32fb8269da3d\pom.xmlc584c7c4ab0686e4125eefcd0afb32fb8269da3d;non esiste il pom
F:\Valentino\Progetti_da_buildare_2\tomcatcbc9b18a845d3c8c053ac293dffda6c6c19dd92b\pom.xmlcbc9b18a845d3c8c053ac293dffda6c6c19dd92b;non esiste il pom
F:\Valentino\Progetti_da_buildare_2\uaabbbba5aec514ad88e7d1e168a2519c80229f02f\pom.xmlbbbba5aec514ad88e7d1e168a2519c80229f02f;non esiste il pom
F:\Valentino\Progetti_da_buildare_2\uaadccd3962f969913996ee88f653fce3b108c0205\pom.xmldccd3962f969913996ee88f653fce3b108c0205;non esiste il pom
F:\Valentino\Progetti_da_buildare_2\spring-data-rest8f269e28fe8038a6c60f31a1c36cfda04795ab45\pom.xml8f269e28fe8038a6c60f31a1c36cfda04795ab45;non trovata
F:\Valentino\Progetti_da_buildare_2\spring-frameworka7dc48534ea501525f11369d369178a60c2f47d0\pom.xmla7dc48534ea501525f11369d369178a60c2f47d0;non esiste il pom
F:\Valentino\Progetti_da_buildare_2\spring-framework0e28bee0f155b9bf240b4bafc4646e4810cb23f\pom.xml0e28bee0f155b9bf240b4bafc4646e4810cb23f;non esiste il pom
F:\Valentino\Progetti_da_buildare_2\retrofit97057aaae42e54bfbee8acfa8af7dcf37e812342\pom.xml97057aaae42e54bfbee8acfa8af7dcf37e812342;1.7
F:\Valentino\Progetti_da_buildare_2\uaaa79b89f6e4f66626914b029b7a15a423491f8013\pom.xmla79b89f6e4f66626914b029b7a15a423491f8013;non esiste il pom
F:\Valentino\Progetti_da_buildare_2\uaa0a78612f981c541ad2d997e6a365f2a0b3e799d9\pom.xml0a78612f981c541ad2d997e6a365f2a0b3e799d9;non esiste il pom
F:\Valentino\Progetti_da_buildare_2\uaa96fe26711f8f8855d2994a531447f730afd61844\pom.xml96fe26711f8f8855d2994a531447f730afd61844;non esiste il pom
F:\Valentino\Progetti_da_buildare_2\spring-framework9cef8e3001ddd61c734281a7556efd84b6cc2755\pom.xml9cef8e3001ddd61c734281a7556efd84b6cc2755;non esiste il pom
F:\Valentino\Progetti_da_buildare_2\spring-frameworkb9ebdaaf3710db473a2e1fec8641c316483a22a\pom.xmlb9ebdaaf3710db473a2e1fec8641c316483a22a;non esiste il pom
F:\Valentino\Progetti_da_buildare_2\tomcat516bda676ac8d0284da3e0295a7df70391315360\pom.xml516bda676ac8d0284da3e0295a7df70391315360;non esiste il pom
F:\Valentino\Progetti_da_buildare_2\tomcat3e5b0455483eed55752047073e92403bfca8d3ec\pom.xml3e5b0455483eed55752047073e92403bfca8d3ec;non esiste il pom
F:\Valentino\Progetti_da_buildare_2\jackson-databind051bd5e447fbc9539e12a4fe90eb989dba0c656\pom.xml051bd5e447fbc9539e12a4fe90eb989dba0c656;non trovata
F:\Valentino\Progetti_da_buildare_2\uaa7a8f157f7e2feed2d0ebb63b163ff735b6340b9\pom.xml7a8f157f7e2feed2d0ebb63b163ff735b6340b9;non esiste il pom
F:\Valentino\Progetti_da_buildare_2\esapi-java-legacy41138fef5f63d9cf0d5e05d2bee2c7f682ffef3f\pom.xml41138fef5f63d9cf0d5e05d2bee2c7f682ffef3f;1.5
F:\Valentino\Progetti_da_buildare_2\uaa1c9c6dd88266cfa7d333e5d8be1031fa31c5c93\pom.xml1c9c6dd88266cfa7d333e5d8be1031fa31c5c93;non esiste il pom
F:\Valentino\Progetti_da_buildare_2\struts8e67b9144aa643769b261e2492cb561e04d016ab\pom.xml8e67b9144aa643769b261e2492cb561e04d016ab;non trovata
F:\Valentino\Progetti_da_buildare_2\spring-data-commonsae1dd2741ce06d44a0966ecbd6f47beabde2b65\pom.xmlae1dd2741ce06d44a0966ecbd6f47beabde2b65;non trovata
F:\Valentino\Progetti_da_buildare_2\tomcat2e69497fa7b1444632c6dadb64a4a82e18478ee6\pom.xml2e69497fa7b1444632c6dadb64a4a82e18478ee6;non esiste il pom
F:\Valentino\Progetti_da_buildare_2\spring-frameworkd95cbe23ee462245c5c2482e175f7b2a921b31c\pom.xmld95cbe23ee462245c5c2482e175f7b2a921b31c;non esiste il pom
F:\Valentino\Progetti_da_buildare_2\tomcat1735d7f55094c3775c7d94e4f8568336dbe1a738\pom.xml1735d7f55094c3775c7d94e4f8568336dbe1a738;non esiste il pom
F:\Valentino\Progetti_da_buildare_2\strutsd832747d647df343ed07a58b1b5e540a05a4d51b\pom.xmld832747d647df343ed07a58b1b5e540a05a4d51b;non trovata
F:\Valentino\Progetti_da_buildare_2\tomcat49c71fc59c1b8f8da77aea9eb53e61db168aebab\pom.xml49c71fc59c1b8f8da77aea9eb53e61db168aebab;non esiste il pom
F:\Valentino\Progetti_da_buildare_2\uaaea8c0ce7740a5d756d9f11964f6a6b4df54cc3b2\pom.xmlea8c0ce7740a5d756d9f11964f6a6b4df54cc3b2;non esiste il pom
F:\Valentino\Progetti_da_buildare_2\spring-webflowed5e8\pom.xmled5e8;non esiste il pom
F:\Valentino\Progetti_da_buildare_2\wicket-jquery-ui22e414d693e8ef679ac6da38107fbc118a63f00\pom.xml22e414d693e8ef679ac6da38107fbc118a63f00;1.6
F:\Valentino\Progetti_da_buildare_2\jackson-databind28badf7ef60ac3e7ef151cd8e8ec010b8479226\pom.xml28badf7ef60ac3e7ef151cd8e8ec010b8479226;non trovata
F:\Valentino\Progetti_da_buildare_2\okhttp784fabac7d1586a5614bd4bc8854fd62850dbe26\pom.xml784fabac7d1586a5614bd4bc8854fd62850dbe26;1.7
F:\Valentino\Progetti_da_buildare_2\spring-frameworkc8649087792d07df209fc75e0f9e2e3284e09fe\pom.xmlc8649087792d07df209fc75e0f9e2e3284e09fe;non esiste il pom
F:\Valentino\Progetti_da_buildare_2\uaa5eab756eaf4bb397302f00fbd0273f2470009d38\pom.xml5eab756eaf4bb397302f00fbd0273f2470009d38;non esiste il pom
F:\Valentino\Progetti_da_buildare_2\sling-org-apache-sling-xssec6764d165abc4df8cffd8439761bb2228887db9\pom.xmlec6764d165abc4df8cffd8439761bb2228887db9;non trovata
F:\Valentino\Progetti_da_buildare_2\uaab3834364ab573e9655348193780a56a602fe87b7\pom.xmlb3834364ab573e9655348193780a56a602fe87b7;non esiste il pom
F:\Valentino\Progetti_da_buildare_2\jsoup4edb78991f8d0bf87dafde5e01ccd8922065c9b2\pom.xml4edb78991f8d0bf87dafde5e01ccd8922065c9b2;1.5
F:\Valentino\Progetti_da_buildare_2\spring-framework7387cb990e35b0f1b573faf29d4f9ae183d7a5e\pom.xml7387cb990e35b0f1b573faf29d4f9ae183d7a5e;non esiste il pom
F:\Valentino\Progetti_da_buildare_2\uaa7db5e5846961e08295b1ef7af909f267eebe5da\pom.xml7db5e5846961e08295b1ef7af909f267eebe5da;non esiste il pom
F:\Valentino\Progetti_da_buildare_2\strutsa89bbe22cd2461748d595a89a254de888a415e6c\pom.xmla89bbe22cd2461748d595a89a254de888a415e6c;non trovata
F:\Valentino\Progetti_da_buildare_2\java-cas-clientab6cbdc3daa451b4fef89c0bd0f4e6568f3aa9ef\pom.xmlab6cbdc3daa451b4fef89c0bd0f4e6568f3aa9ef;1.5
F:\Valentino\Progetti_da_buildare_2\groovy4df8b652aa018a5d5d1cda8fba938bf3422db31c\pom.xml4df8b652aa018a5d5d1cda8fba938bf3422db31c;non esiste il pom
F:\Valentino\Progetti_da_buildare_2\jackson-databind6799f8f10cc78e9af6d443ed6982d00a13f2e7d2\pom.xml6799f8f10cc78e9af6d443ed6982d00a13f2e7d2;non trovata
F:\Valentino\Progetti_da_buildare_2\gerrit-trigger-plugina222f2d9d1bca3422e6a462a7f587ae325455b80\pom.xmla222f2d9d1bca3422e6a462a7f587ae325455b80;non trovata
F:\Valentino\Progetti_da_buildare_2\spring-frameworke02ff3a0da50744b0980d5d665fd242eedea767\pom.xmle02ff3a0da50744b0980d5d665fd242eedea767;non esiste il pom
F:\Valentino\Progetti_da_buildare_2\spring-framework43bf008fbcd0d7945e2fcd5e30039bc4d74c7a98\pom.xml43bf008fbcd0d7945e2fcd5e30039bc4d74c7a98;non esiste il pom
F:\Valentino\Progetti_da_buildare_2\junit-plugin15f39fc49d9f25bca872badb48e708a8bb815ea7\pom.xml15f39fc49d9f25bca872badb48e708a8bb815ea7;non trovata
F:\Valentino\Progetti_da_buildare_2\uaaf3d8a9e1ee1acac5bf1f8487ac9461f4cf4505c\pom.xmlf3d8a9e1ee1acac5bf1f8487ac9461f4cf4505c;non esiste il pom
F:\Valentino\Progetti_da_buildare_2\uaab6d6526cb89120043d390bf0274cd062e9fc452\pom.xmlb6d6526cb89120043d390bf0274cd062e9fc452;non esiste il pom
F:\Valentino\Progetti_da_buildare_2\ec2-plugin180f7d0eae6031d67259a5d86d9d7d382f9eb05b\pom.xml180f7d0eae6031d67259a5d86d9d7d382f9eb05b;1.7
F:\Valentino\Progetti_da_buildare_2\wicket-jquery-ui9f082950a276c8948a4078c2438e284a948ba15\pom.xml9f082950a276c8948a4078c2438e284a948ba15;1.7
F:\Valentino\Progetti_da_buildare_2\uaa66132926f1bac0b878da5841be2f93fa5075d88f\pom.xml66132926f1bac0b878da5841be2f93fa5075d88f;non esiste il pom
F:\Valentino\Progetti_da_buildare_2\spring-amqp6e9e00bb5bf0aa88444146db3c2eae138cc7b0a\pom.xml6e9e00bb5bf0aa88444146db3c2eae138cc7b0a;non esiste il pom
F:\Valentino\Progetti_da_buildare_2\uaa4178762a49f547534b13539ca65e1d370772c38\pom.xml4178762a49f547534b13539ca65e1d370772c38;non esiste il pom
F:\Valentino\Progetti_da_buildare_2\spring-framework7a7df6637478607bef0277bf52a4e0a03e20a248\pom.xml7a7df6637478607bef0277bf52a4e0a03e20a248;non esiste il pom
F:\Valentino\Progetti_da_buildare_2\tomcat452c8094a665ef6375530e81c033da4eeb2e4865\pom.xml452c8094a665ef6375530e81c033da4eeb2e4865;non esiste il pom
F:\Valentino\Progetti_da_buildare_2\uaaaba1fb5f18e0d628628b2d960fc6d0cc62d86f5\pom.xmlaba1fb5f18e0d628628b2d960fc6d0cc62d86f5;non esiste il pom
F:\Valentino\Progetti_da_buildare_2\uaa215bd349a63edfef15a1aa07a3969c8991e34570\pom.xml215bd349a63edfef15a1aa07a3969c8991e34570;non esiste il pom
F:\Valentino\Progetti_da_buildare_2\wicket134686ef7185d3f96fec953136ab4847cd36b68\pom.xml134686ef7185d3f96fec953136ab4847cd36b68;non trovata
F:\Valentino\Progetti_da_buildare_2\wicket-jquery-ui936c12a2db262cf471c781f0d3c0d0ad61c35c7\pom.xml936c12a2db262cf471c781f0d3c0d0ad61c35c7;1.8
F:\Valentino\Progetti_da_buildare_2\uaa703542183b14b3ef1e04d68d83484d9eaaeb2f0\pom.xml703542183b14b3ef1e04d68d83484d9eaaeb2f0;non esiste il pom
F:\Valentino\Progetti_da_buildare_2\tomcat150bc791ac3ba40081425dd1c37a053fbb02b339\pom.xml150bc791ac3ba40081425dd1c37a053fbb02b339;non esiste il pom
F:\Valentino\Progetti_da_buildare_2\struts5421930b49822606792f36653b17d3d95ef106f9\pom.xml5421930b49822606792f36653b17d3d95ef106f9;non trovata
F:\Valentino\Progetti_da_buildare_2\ognlae43073fbf38db8371ff4f8bf2a966ee3b5f7e92\pom.xmlae43073fbf38db8371ff4f8bf2a966ee3b5f7e92;1.5
F:\Valentino\Progetti_da_buildare_2\commons-compress020c03d8ef579e80511023fb46ece30e9c3dd27d\pom.xml020c03d8ef579e80511023fb46ece30e9c3dd27d;non trovata
F:\Valentino\Progetti_da_buildare_2\uaab384a650a122e42d75e8cbb5624d0274a65cd848\pom.xmlb384a650a122e42d75e8cbb5624d0274a65cd848;non esiste il pom
F:\Valentino\Progetti_da_buildare_2\tomcatfd8a579e0e2379a84826b11700adf396e4ed2041\pom.xmlfd8a579e0e2379a84826b11700adf396e4ed2041;non esiste il pom
F:\Valentino\Progetti_da_buildare_2\wicketdffba2ce410ec7e917ad350d3528af4df67bc348\pom.xmldffba2ce410ec7e917ad350d3528af4df67bc348;1.8
F:\Valentino\Progetti_da_buildare_2\commons-compressa41ce6892cb0590b2e658704434ac0dbcb6834c8\pom.xmla41ce6892cb0590b2e658704434ac0dbcb6834c8;1.7
F:\Valentino\Progetti_da_buildare_2\tomcat48dded4ab1209a030770ab67a789d3b2528b6329\pom.xml48dded4ab1209a030770ab67a789d3b2528b6329;non esiste il pom
F:\Valentino\Progetti_da_buildare_2\tomcat3e1010b1a2f648581fac3d68afbf18f2979f6bf6\pom.xml3e1010b1a2f648581fac3d68afbf18f2979f6bf6;non esiste il pom
F:\Valentino\Progetti_da_buildare_2\tomcat1bc3bcb2848f478fd6674487d6dad507fd5dd686\pom.xml1bc3bcb2848f478fd6674487d6dad507fd5dd686;non esiste il pom
F:\Valentino\Progetti_da_buildare_2\jackson-databind2235894210c75f624a3d0cd60bfb0434a20a18bf\pom.xml2235894210c75f624a3d0cd60bfb0434a20a18bf;non trovata
F:\Valentino\Progetti_da_buildare_2\tomcat92cd494555598e99dd691712e8ee426a2f9c2e93\pom.xml92cd494555598e99dd691712e8ee426a2f9c2e93;non esiste il pom
F:\Valentino\Progetti_da_buildare_2\logbackf46044b805bca91efe5fd6afe52257cd02f775f8\pom.xmlf46044b805bca91efe5fd6afe52257cd02f775f8;1.6
F:\Valentino\Progetti_da_buildare_2\spring-framework044772641d12b9281185f6cf50f8485b8747132\pom.xml044772641d12b9281185f6cf50f8485b8747132;non esiste il pom
F:\Valentino\Progetti_da_buildare_2\shiro64d9f8341e1aa7ef1a29744e16ea7c578ca5deee\pom.xml64d9f8341e1aa7ef1a29744e16ea7c578ca5deee;non trovata
F:\Valentino\Progetti_da_buildare_2\tomcat008447095ce8c3a8f713093d5e618f3f06f94ea8\pom.xml008447095ce8c3a8f713093d5e618f3f06f94ea8;non esiste il pom
F:\Valentino\Progetti_da_buildare_2\thriftd973409661f820d80d72c0034d06a12348c8705e\pom.xmld973409661f820d80d72c0034d06a12348c8705e;non esiste il pom
F:\Valentino\Progetti_da_buildare_2\uaa6ed7dc22beafeaa054713e63125044332729baa\pom.xml6ed7dc22beafeaa054713e63125044332729baa;non esiste il pom
F:\Valentino\Progetti_da_buildare_2\commons-compress0600296ab8f8a0bbdfedd483f51b38005eb8e34e\pom.xml0600296ab8f8a0bbdfedd483f51b38005eb8e34e;non trovata
F:\Valentino\Progetti_da_buildare_2\tomcat901292cf9d7d8225f8a3b96c7583e2bd8b41772d\pom.xml901292cf9d7d8225f8a3b96c7583e2bd8b41772d;non esiste il pom
F:\Valentino\Progetti_da_buildare_2\uaa5dc5ca9176ed5baa870680d99f37e7e559dddc5\pom.xml5dc5ca9176ed5baa870680d99f37e7e559dddc5;non esiste il pom
F:\Valentino\Progetti_da_buildare_2\jackson-databinde8f043d1aac9b82eee907e0f0c3abbdea723a935\pom.xmle8f043d1aac9b82eee907e0f0c3abbdea723a935;non trovata
F:\Valentino\Progetti_da_buildare_2\struts6dd6e5cfb7b5e020abffe7e8091bd63fe97c10a\pom.xml6dd6e5cfb7b5e020abffe7e8091bd63fe97c10a;non trovata
F:\Valentino\Progetti_da_buildare_2\mojarra1b434748d9239f42eae8aa7d37d7a0930c061e24\pom.xml1b434748d9239f42eae8aa7d37d7a0930c061e24;1.8
F:\Valentino\Progetti_da_buildare_2\uaa9d44cb0c7c25ccae95bfa1c2d59ce46200c643cb\pom.xml9d44cb0c7c25ccae95bfa1c2d59ce46200c643cb;non esiste il pom
F:\Valentino\Progetti_da_buildare_2\tomcatf626da75fd59da82b14dee7b8cc46ad51eefdbe5\pom.xmlf626da75fd59da82b14dee7b8cc46ad51eefdbe5;non esiste il pom
F:\Valentino\Progetti_da_buildare_2\wicket-jquery-ui6f33727a1b4aa27d58d672a96154d9061db43fa\pom.xml6f33727a1b4aa27d58d672a96154d9061db43fa;1.6
F:\Valentino\Progetti_da_buildare_2\ignite340569b8f4e14a4cb61a9407ed2d9aa4a20bdf49\pom.xml340569b8f4e14a4cb61a9407ed2d9aa4a20bdf49;non trovata
F:\Valentino\Progetti_da_buildare_2\spring-frameworkb80c13b722bb207ddf43f53a007ee3ddc1dd2e2\pom.xmlb80c13b722bb207ddf43f53a007ee3ddc1dd2e2;non esiste il pom
F:\Valentino\Progetti_da_buildare_2\uaa3f0730a015d10166de23b7e036743c185f0576a6\pom.xml3f0730a015d10166de23b7e036743c185f0576a6;non esiste il pom
F:\Valentino\Progetti_da_buildare_2\jackson-databind6ce32ffd18facac6abdbbf559c817b47fcb622c\pom.xml6ce32ffd18facac6abdbbf559c817b47fcb622c;non trovata
F:\Valentino\Progetti_da_buildare_2\struts0c8366cb792227d484b9ca13e537037dd0cb57dc\pom.xml0c8366cb792227d484b9ca13e537037dd0cb57dc;non trovata
F:\Valentino\Progetti_da_buildare_2\uaa74b9b270787aa602196d59d58893c3a6e09816f9\pom.xml74b9b270787aa602196d59d58893c3a6e09816f9;non esiste il pom
F:\Valentino\Progetti_da_buildare_2\wicket-jquery-ui2fec03dbe2f6e8808f4bdc6b3195dff3e44f520\pom.xml2fec03dbe2f6e8808f4bdc6b3195dff3e44f520;1.7
F:\Valentino\Progetti_da_buildare_2\tomcat50f1b1da794cd93b70ab5456d3c2c984408e1506\pom.xml50f1b1da794cd93b70ab5456d3c2c984408e1506;non esiste il pom
F:\Valentino\Progetti_da_buildare_2\spring-amqpaff4d0aefcdb99726fd739abf3b9bb96df97b0f\pom.xmlaff4d0aefcdb99726fd739abf3b9bb96df97b0f;non esiste il pom
F:\Valentino\Progetti_da_buildare_2\tomcatd6a9898125f34e593de426e8c7dabb0f224fc00f\pom.xmld6a9898125f34e593de426e8c7dabb0f224fc00f;non esiste il pom
F:\Valentino\Progetti_da_buildare_2\kafka47c2753496875db2849065ad91ee03c7c842c8e\pom.xml47c2753496875db2849065ad91ee03c7c842c8e;non esiste il pom
F:\Valentino\Progetti_da_buildare_2\tomcat492cbc9a1e33e6d356438bcba4fa2b67680d245a\pom.xml492cbc9a1e33e6d356438bcba4fa2b67680d245a;non esiste il pom
F:\Valentino\Progetti_da_buildare_2\tomcatbcce3e4997a4ed06fe03e2517443f3ad8ade2dfa\pom.xmlbcce3e4997a4ed06fe03e2517443f3ad8ade2dfa;non esiste il pom
F:\Valentino\Progetti_da_buildare_2\uaa14c745aa293b8d3ce9cdd6bfbc6c0ef3f269b21\pom.xml14c745aa293b8d3ce9cdd6bfbc6c0ef3f269b21;non esiste il pom
F:\Valentino\Progetti_da_buildare_2\WxJava6272639f02e397fed40828a2d0da66c30264bc0e\pom.xml6272639f02e397fed40828a2d0da66c30264bc0e;1.7
F:\Valentino\Progetti_da_buildare_2\tomcatb7b5c63a932f6c1ea05f9b65ad9054247bb5af57\pom.xmlb7b5c63a932f6c1ea05f9b65ad9054247bb5af57;non esiste il pom
F:\Valentino\Progetti_da_buildare_2\struts87935af56a27235e9399308ee1fcfb74f8edcefa\pom.xml87935af56a27235e9399308ee1fcfb74f8edcefa;non trovata
F:\Valentino\Progetti_da_buildare_2\struts34c80dae734e70f13c0e46f9c83602fb71318e58\pom.xml34c80dae734e70f13c0e46f9c83602fb71318e58;non trovata
F:\Valentino\Progetti_da_buildare_2\vert.x269a583330695d1418a4f5578f7169350b2e1332\pom.xml269a583330695d1418a4f5578f7169350b2e1332;non trovata
F:\Valentino\Progetti_da_buildare_2\strutsf238cf4f1091be19fbcfd086b042c86a1bcaa7fc\pom.xmlf238cf4f1091be19fbcfd086b042c86a1bcaa7fc;non trovata
F:\Valentino\Progetti_da_buildare_2\commons-fileupload163a6061fbc077d4b6e4787d26857c2baba495d1\pom.xml163a6061fbc077d4b6e4787d26857c2baba495d1;non trovata
F:\Valentino\Progetti_da_buildare_2\uaa24c270ce725df890727b2bd7d8a4f338a3a58b7\pom.xml24c270ce725df890727b2bd7d8a4f338a3a58b7;non esiste il pom
F:\Valentino\Progetti_da_buildare_2\httpcomponents-client6705924879810f617a7a21d34f16b6c0d61e8d34\pom.xml6705924879810f617a7a21d34f16b6c0d61e8d34;non trovata
F:\Valentino\Progetti_da_buildare_2\spring-frameworkff2228fdaf131d57b5c8c5918ee8d07c6dd9bba\pom.xmlff2228fdaf131d57b5c8c5918ee8d07c6dd9bba;non esiste il pom
F:\Valentino\Progetti_da_buildare_2\struts5f54b8d087f5125d96838aafa5f64c2190e6885b\pom.xml5f54b8d087f5125d96838aafa5f64c2190e6885b;non trovata
F:\Valentino\Progetti_da_buildare_2\JGroupsc3ad22234ef84d06d04d908b3c94c0d11df8afd\pom.xmlc3ad22234ef84d06d04d908b3c94c0d11df8afd;1.5
F:\Valentino\Progetti_da_buildare_2\tomcat3e54b2a6314eda11617ff7a7b899c251e222b1a1\pom.xml3e54b2a6314eda11617ff7a7b899c251e222b1a1;non esiste il pom
F:\Valentino\Progetti_da_buildare_2\tomcat723ea6a5bc5e7bc49e5ef84273c3b3c164a6a4fd\pom.xml723ea6a5bc5e7bc49e5ef84273c3b3c164a6a4fd;non esiste il pom
F:\Valentino\Progetti_da_buildare_2\plexus-utilsb38a1b3a4352303e4312b2bb601a0d7ec6e28f41\pom.xmlb38a1b3a4352303e4312b2bb601a0d7ec6e28f41;non trovata
F:\Valentino\Progetti_da_buildare_2\spring-frameworkab2410c754b67902f002bfcc0c3895bd7772d39\pom.xmlab2410c754b67902f002bfcc0c3895bd7772d39;non esiste il pom
F:\Valentino\Progetti_da_buildare_2\commons-compress654222e628097763ee6ca561ae77be5c06666173\pom.xml654222e628097763ee6ca561ae77be5c06666173;non trovata
F:\Valentino\Progetti_da_buildare_2\git-plugina3d3a7eb7f75bfe97a0291e3b6d074aafafa86c9\pom.xmla3d3a7eb7f75bfe97a0291e3b6d074aafafa86c9;non trovata
F:\Valentino\Progetti_da_buildare_2\struts01e6b251b4db78bfb7971033652e81d1af4cb3e\pom.xml01e6b251b4db78bfb7971033652e81d1af4cb3e;non trovata
F:\Valentino\Progetti_da_buildare_2\struts4a3917176de2df7f33a85511d067f31e50dcc1b\pom.xml4a3917176de2df7f33a85511d067f31e50dcc1b;non trovata
F:\Valentino\Progetti_da_buildare_2\commons-collectionsbce4d022f27a723fa0e0b7484dcbf0afa2dd210a\pom.xmlbce4d022f27a723fa0e0b7484dcbf0afa2dd210a;non trovata
F:\Valentino\Progetti_da_buildare_2\uaa20808046de8bbdc6fb2ac62829d4cc9d7a19f37\pom.xml20808046de8bbdc6fb2ac62829d4cc9d7a19f37;non esiste il pom
F:\Valentino\Progetti_da_buildare_2\spring-framework13356a7ee2240f740737c5c83bdccdacc30603a\pom.xml13356a7ee2240f740737c5c83bdccdacc30603a;non esiste il pom
F:\Valentino\Progetti_da_buildare_2\uaa78731f8aa37a53385d0194821a5356ab66e2138\pom.xml78731f8aa37a53385d0194821a5356ab66e2138;non esiste il pom
F:\Valentino\Progetti_da_buildare_2\ssh-agent-plugin3a8abe1889d25f9a73cdba202cf27212b273de4d\pom.xml3a8abe1889d25f9a73cdba202cf27212b273de4d;non trovata
F:\Valentino\Progetti_da_buildare_2\favorite-pluginb6359532fe085d9ea6b7894e997e797806480777\pom.xmlb6359532fe085d9ea6b7894e997e797806480777;non trovata
F:\Valentino\Progetti_da_buildare_2\uaa3ce42a4c75828cb58287c3c7495dde3f5261f12\pom.xml3ce42a4c75828cb58287c3c7495dde3f5261f12;non esiste il pom
F:\Valentino\Progetti_da_buildare_2\tomcata6b1ebc246b91b854237e5aad3dfd2b5460ea282\pom.xmla6b1ebc246b91b854237e5aad3dfd2b5460ea282;non esiste il pom
F:\Valentino\Progetti_da_buildare_2\uaa90b6f8c06afd96efd39f87deaaf9a94cd0fd082\pom.xml90b6f8c06afd96efd39f87deaaf9a94cd0fd082;non esiste il pom
F:\Valentino\Progetti_da_buildare_2\strutsfed4f8e8a4ec69b5e7612b92d8ce3e476680474\pom.xmlfed4f8e8a4ec69b5e7612b92d8ce3e476680474;non trovata
F:\Valentino\Progetti_da_buildare_2\pipeline-build-step-plugin3dfefdec1f7b2a4ee0ef8902afdea720b1572cb3\pom.xml3dfefdec1f7b2a4ee0ef8902afdea720b1572cb3;non trovata
F:\Valentino\Progetti_da_buildare_2\tomcatc1660182010b4255c21c874d69c124370a67784a\pom.xmlc1660182010b4255c21c874d69c124370a67784a;non esiste il pom
F:\Valentino\Progetti_da_buildare_2\jython4c337213bd2964bb36cef2d31509b49647ca6f2a\pom.xml4c337213bd2964bb36cef2d31509b49647ca6f2a;non esiste il pom
F:\Valentino\Progetti_da_buildare_2\spring-amqpd64e7fa3993dac577c0973e0caf8c31d27ef5e4\pom.xmld64e7fa3993dac577c0973e0caf8c31d27ef5e4;non esiste il pom
F:\Valentino\Progetti_da_buildare_2\spring-framework9772eb8410e37cd0bdec0d1b133218446c778beb\pom.xml9772eb8410e37cd0bdec0d1b133218446c778beb;non esiste il pom
F:\Valentino\Progetti_da_buildare_2\tomcat5496e193a89b8b8b3177e516358df2f07ab852b3\pom.xml5496e193a89b8b8b3177e516358df2f07ab852b3;non esiste il pom
F:\Valentino\Progetti_da_buildare_2\okhttp5377f25d9eed755328216912ef5e922c93e14f3\pom.xml5377f25d9eed755328216912ef5e922c93e14f3;1.7
F:\Valentino\Progetti_da_buildare_2\spring-framework2ae6a6a3415eebc57babcb9d3e5505887eda6d8\pom.xml2ae6a6a3415eebc57babcb9d3e5505887eda6d8;non esiste il pom
F:\Valentino\Progetti_da_buildare_2\orientdb668ece96be210e742a4e2820a3085b215cf55104\pom.xml668ece96be210e742a4e2820a3085b215cf55104;1.6
F:\Valentino\Progetti_da_buildare_2\spring-framework03f547eb9868f48f44d59b56067d4ac4740672c3\pom.xml03f547eb9868f48f44d59b56067d4ac4740672c3;non esiste il pom
F:\Valentino\Progetti_da_buildare_2\tomcat299b26af66793438c323ea6b18462fa44683080f\pom.xml299b26af66793438c323ea6b18462fa44683080f;non esiste il pom
F:\Valentino\Progetti_da_buildare_2\uaaeb3f86054489039e11eabd54a8ec9a46c22abfc\pom.xmleb3f86054489039e11eabd54a8ec9a46c22abfc;non esiste il pom
F:\Valentino\Progetti_da_buildare_2\uaa0ed081c9b515014a21954db0dc03a3ddbb30fac\pom.xml0ed081c9b515014a21954db0dc03a3ddbb30fac;non esiste il pom
F:\Valentino\Progetti_da_buildare_2\tomcata2538ce78f83b7376c48d12d8247600079d789b1\pom.xmla2538ce78f83b7376c48d12d8247600079d789b1;non esiste il pom
F:\Valentino\Progetti_da_buildare_2\spring-amqp83fe9fdec2c86a57898d56c5e109debd9d5c07d\pom.xml83fe9fdec2c86a57898d56c5e109debd9d5c07d;non esiste il pom
F:\Valentino\Progetti_da_buildare_2\rdf4jdf15a4d7a8f2789c043b27c9eafe1b30316cfa79\pom.xmldf15a4d7a8f2789c043b27c9eafe1b30316cfa79;non trovata
F:\Valentino\Progetti_da_buildare_2\spring-amqp444b74e95bb299af5e23ebf006fbb45d574fb95\pom.xml444b74e95bb299af5e23ebf006fbb45d574fb95;non esiste il pom
F:\Valentino\Progetti_da_buildare_2\subversion-plugin7d4562d6f7e40de04bbe29577b51c79f07d05ba6\pom.xml7d4562d6f7e40de04bbe29577b51c79f07d05ba6;non trovata
F:\Valentino\Progetti_da_buildare_2\strutscfb6e9afbae320a4dd5bdd655154ab9fe5a92c1\pom.xmlcfb6e9afbae320a4dd5bdd655154ab9fe5a92c1;non trovata
F:\Valentino\Progetti_da_buildare_2\wicket-jquery-ui82d81bf704bef90b42f62aecbcc7e8c460814b6\pom.xml82d81bf704bef90b42f62aecbcc7e8c460814b6;1.8
F:\Valentino\Progetti_da_buildare_2\spring-framework3f68cd633f03370d33c2603a6496e81273782601\pom.xml3f68cd633f03370d33c2603a6496e81273782601;non esiste il pom
F:\Valentino\Progetti_da_buildare_2\commons-compresscca0e6e5341aacddefd4c4d36cef7cbdbc2a8777\pom.xmlcca0e6e5341aacddefd4c4d36cef7cbdbc2a8777;non trovata
F:\Valentino\Progetti_da_buildare_2\spring-framework8e096aeef55287dc829484996c9330cf755891a1\pom.xml8e096aeef55287dc829484996c9330cf755891a1;non esiste il pom
F:\Valentino\Progetti_da_buildare_2\tomcat4d637bc3986e5d09b9363e2144b8ba74fa6eac3a\pom.xml4d637bc3986e5d09b9363e2144b8ba74fa6eac3a;non esiste il pom
F:\Valentino\Progetti_da_buildare_2\commons-collections1642b00d67b96de87cad44223efb9ab5b4fb7be5\pom.xml1642b00d67b96de87cad44223efb9ab5b4fb7be5;non trovata
F:\Valentino\Progetti_da_buildare_2\struts352306493971e7d5a756d61780d57a76eb1f519a\pom.xml352306493971e7d5a756d61780d57a76eb1f519a;non trovata
F:\Valentino\Progetti_da_buildare_2\strutsb28b78c062f0bf3c79793a25aab8c9b6c12bce6e\pom.xmlb28b78c062f0bf3c79793a25aab8c9b6c12bce6e;non trovata
F:\Valentino\Progetti_da_buildare_2\uaad17b23fc3bf9b86f111774925afadfced75315c\pom.xmld17b23fc3bf9b86f111774925afadfced75315c;non esiste il pom
F:\Valentino\Progetti_da_buildare_2\struts98d2692e434fe7f4d445ade24fe2c9860de1c13f\pom.xml98d2692e434fe7f4d445ade24fe2c9860de1c13f;non trovata
F:\Valentino\Progetti_da_buildare_2\spring-data-commonsb1a20ae1e82a63f99b3afc6f2aaedb3bf4dc432\pom.xmlb1a20ae1e82a63f99b3afc6f2aaedb3bf4dc432;non trovata
F:\Valentino\Progetti_da_buildare_2\uaaf6362a8f1865314aa507fc5de772848b7e55236\pom.xmlf6362a8f1865314aa507fc5de772848b7e55236;non esiste il pom
F:\Valentino\Progetti_da_buildare_2\spring-frameworkd3acf45ea4db51fa5c4cbd0bc0e7b6d9ef805e6\pom.xmld3acf45ea4db51fa5c4cbd0bc0e7b6d9ef805e6;non esiste il pom
F:\Valentino\Progetti_da_buildare_2\shiro9137e6cc45922b529fb776c6857647a3935471bb\pom.xml9137e6cc45922b529fb776c6857647a3935471bb;non trovata
F:\Valentino\Progetti_da_buildare_2\struts8b4fc81daeea3834bcbf73de5f48d0021917aa3\pom.xml8b4fc81daeea3834bcbf73de5f48d0021917aa3;non trovata
F:\Valentino\Progetti_da_buildare_2\tomcat593a2447e6ebe465585cfa07e93b5635dffa1c70\pom.xml593a2447e6ebe465585cfa07e93b5635dffa1c70;non esiste il pom
F:\Valentino\Progetti_da_buildare_2\strutseccc31ebce5430f9e91b9684c63eaaf885e603f9\pom.xmleccc31ebce5430f9e91b9684c63eaaf885e603f9;non trovata
F:\Valentino\Progetti_da_buildare_2\ignitebc374f85ca4a5e69572902d2167fe6bedebd40a\pom.xmlbc374f85ca4a5e69572902d2167fe6bedebd40a;non trovata
F:\Valentino\Progetti_da_buildare_2\tomcat279e4451cb996f810fbca2f78b6340412d9daa7b\pom.xml279e4451cb996f810fbca2f78b6340412d9daa7b;non esiste il pom
F:\Valentino\Progetti_da_buildare_2\groovy09e9778e8a33052d8c27105aee5310649637233d\pom.xml09e9778e8a33052d8c27105aee5310649637233d;non esiste il pom
F:\Valentino\Progetti_da_buildare_2\spring-framework9beae9ae4226c45cd428035dae81214439324676\pom.xml9beae9ae4226c45cd428035dae81214439324676;non esiste il pom
F:\Valentino\Progetti_da_buildare_2\struts74e26830d2849a84729b33497f729e0f033dc147\pom.xml74e26830d2849a84729b33497f729e0f033dc147;non trovata
F:\Valentino\Progetti_da_buildare_2\commons-collectionse585cd0433ae4cfbc56e58572b9869bd0c86b611\pom.xmle585cd0433ae4cfbc56e58572b9869bd0c86b611;1.6
F:\Valentino\Progetti_da_buildare_2\commons-fileupload02f6b2c4ef9aebf9cf8e55de8b90e73430b69385\pom.xml02f6b2c4ef9aebf9cf8e55de8b90e73430b69385;1.5
F:\Valentino\Progetti_da_buildare_2\spring-ldap08e8ae289bbd1b581986c7238604a147119c1336\pom.xml08e8ae289bbd1b581986c7238604a147119c1336;/gradle/java.gradle 1.6
F:\Valentino\Progetti_da_buildare_2\uaa2906057dae995024576ce6afdc20abd85569514\pom.xml2906057dae995024576ce6afdc20abd85569514;gradle jdk 1.8
F:\Valentino\Progetti_da_buildare_2\commons-fileuploadc61ff05b3241cb14d989b67209e57aa71540417a\pom.xmlc61ff05b3241cb14d989b67209e57aa71540417a;non trovata
F:\Valentino\Progetti_da_buildare_2\tomcat83679b99cd40caa401d173c8f8e72fc98eb5d5be\pom.xml83679b99cd40caa401d173c8f8e72fc98eb5d5be;non esiste il pom
F:\Valentino\Progetti_da_buildare_2\uaa7d750e036cd52c5d30e73e28cbcae23126d7154\pom.xml7d750e036cd52c5d30e73e28cbcae23126d7154;non esiste il pom
F:\Valentino\Progetti_da_buildare_2\uaa81aeb7a3aa048ea086c494f725d643e48dd9266\pom.xml81aeb7a3aa048ea086c494f725d643e48dd9266;non esiste il pom
F:\Valentino\Progetti_da_buildare_2\tomcat079372fc7bac8e2e378942715c9ce26a4a72c07a\pom.xml079372fc7bac8e2e378942715c9ce26a4a72c07a;non esiste il pom
F:\Valentino\Progetti_da_buildare_2\uaa32569285018a464dcbd9d4c120a11cc4b767f8e\pom.xml32569285018a464dcbd9d4c120a11cc4b767f8e;non esiste il pom
F:\Valentino\Progetti_da_buildare_2\struts7e6f641ebb142663cbd1653dc49bed725edf7f56\pom.xml7e6f641ebb142663cbd1653dc49bed725edf7f56;non trovata
